<?xml version="1.0" encoding="UTF-8"?>
<!DOCTYPE tienda SYSTEM "./tienda.dtd">
<tienda>
    <producto productoID="1">
        
        <nombre>El señor de los anillos</nombre>
        <marca>SM</marca>
        <precio>15.50</precio>
        <edadRecomendada>+13</edadRecomendada>
        <categoria>Comic</categoria>
        <categoria>Manga</categoria>
        <descuento>15</descuento>
    </producto>
    <producto productoID="2">
        <nombre>Harry Potter</nombre>
        <marca>Barco de Vapor</marca>
        <precio>25.00</precio>
        <edadRecomendada>+7</edadRecomendada>
        <categoria>Juego de Mesa</categoria>
        <descuento>10</descuento>
    </producto>
    <producto productoID="3">
        <nombre>Piratas del caribe</nombre>
        <marca>Planeta</marca>
        <precio>7.99</precio>
        <pegi>PEGI 13</pegi>
        <categoria>Comic</categoria>
        <descuento>50</descuento>
    </producto>
</tienda>